data,descricao,categoria,pagamento,valor
2024-01-01,Saída teste #1 — 2024-01 (fornecedor),fornecedor,dinheiro,200.00
2024-01-08,Saída teste #2 — 2024-01 (imposto),imposto,cartao_credito,224.35
2024-01-15,Saída teste #3 — 2024-01 (marketing),marketing,dinheiro,418.70
2024-01-22,Saída teste #4 — 2024-01 (fornecedor),fornecedor,cartao_credito,303.05
2024-01-29,Saída teste #5 — 2024-01 (imposto),imposto,dinheiro,357.40
2024-01-05,Saída teste #6 — 2024-01 (marketing),marketing,cartao_credito,560.50
2024-01-12,Saída teste #7 — 2024-01 (fornecedor),fornecedor,dinheiro,369.85
2024-01-19,Saída teste #8 — 2024-01 (imposto),imposto,cartao_credito,454.20
2024-01-26,Saída teste #9 — 2024-01 (marketing),marketing,dinheiro,738.55
2024-01-02,Saída teste #10 — 2024-01 (fornecedor),fornecedor,cartao_credito,472.90
2024-01-09,Saída teste #11 — 2024-01 (imposto),imposto,dinheiro,551.00
2024-01-16,Saída teste #12 — 2024-01 (marketing),marketing,cartao_credito,880.35
2024-01-23,Saída teste #13 — 2024-01 (fornecedor),fornecedor,dinheiro,539.70
2024-01-30,Saída teste #14 — 2024-01 (imposto),imposto,cartao_credito,264.05
2024-01-06,Saída teste #15 — 2024-01 (marketing),marketing,dinheiro,1058.40
2024-01-13,Saída teste #16 — 2024-01 (fornecedor),fornecedor,cartao_credito,606.50
2024-01-20,Saída teste #17 — 2024-01 (imposto),imposto,dinheiro,360.85
2024-01-27,Saída teste #18 — 2024-01 (marketing),marketing,cartao_credito,1200.20
2024-02-04,Saída teste #19 — 2024-02 (folha),folha,dinheiro,4321.75
2024-02-11,Saída teste #20 — 2024-02 (infraestrutura),infraestrutura,cartao_credito,271.10
2024-02-18,Saída teste #21 — 2024-02 (outro),outro,dinheiro,73.20
2024-02-25,Saída teste #22 — 2024-02 (folha),folha,cartao_credito,5513.55
2024-02-03,Saída teste #23 — 2024-02 (infraestrutura),infraestrutura,dinheiro,352.90
2024-02-10,Saída teste #24 — 2024-02 (outro),outro,cartao_credito,137.25
2024-02-17,Saída teste #25 — 2024-02 (folha),folha,dinheiro,3541.60
2024-02-24,Saída teste #26 — 2024-02 (infraestrutura),infraestrutura,cartao_credito,434.70
2024-02-02,Saída teste #27 — 2024-02 (outro),outro,dinheiro,165.05
2024-02-09,Saída teste #28 — 2024-02 (folha),folha,cartao_credito,4733.40
2024-02-16,Saída teste #29 — 2024-02 (infraestrutura),infraestrutura,dinheiro,552.75
2024-02-23,Saída teste #30 — 2024-02 (outro),outro,cartao_credito,229.10
2024-02-01,Saída teste #31 — 2024-02 (folha),folha,dinheiro,5925.20
2024-02-08,Saída teste #32 — 2024-02 (infraestrutura),infraestrutura,cartao_credito,184.55
2024-02-15,Saída teste #33 — 2024-02 (outro),outro,dinheiro,256.90
2024-02-22,Saída teste #34 — 2024-02 (folha),folha,cartao_credito,3953.25
2024-02-29,Saída teste #35 — 2024-02 (infraestrutura),infraestrutura,dinheiro,302.60
2024-02-07,Saída teste #36 — 2024-02 (outro),outro,cartao_credito,284.70
2024-03-07,Saída teste #37 — 2024-03 (imposto),imposto,dinheiro,187.25
2024-03-14,Saída teste #38 — 2024-03 (marketing),marketing,cartao_credito,1166.60
2024-03-21,Saída teste #39 — 2024-03 (fornecedor),fornecedor,dinheiro,1175.95
2024-03-28,Saída teste #40 — 2024-03 (imposto),imposto,cartao_credito,320.30
2024-03-04,Saída teste #41 — 2024-03 (marketing),marketing,dinheiro,308.40
2024-03-11,Saída teste #42 — 2024-03 (fornecedor),fornecedor,cartao_credito,242.75
2024-03-18,Saída teste #43 — 2024-03 (imposto),imposto,dinheiro,417.10
2024-03-25,Saída teste #44 — 2024-03 (marketing),marketing,cartao_credito,486.45
2024-03-01,Saída teste #45 — 2024-03 (fornecedor),fornecedor,dinheiro,345.80
2024-03-08,Saída teste #46 — 2024-03 (imposto),imposto,cartao_credito,513.90
2024-03-15,Saída teste #47 — 2024-03 (marketing),marketing,dinheiro,628.25
2024-03-22,Saída teste #48 — 2024-03 (fornecedor),fornecedor,cartao_credito,412.60
2024-03-29,Saída teste #49 — 2024-03 (imposto),imposto,dinheiro,226.95
2024-03-05,Saída teste #50 — 2024-03 (marketing),marketing,cartao_credito,806.30
2024-03-12,Saída teste #51 — 2024-03 (fornecedor),fornecedor,dinheiro,479.40
2024-03-19,Saída teste #52 — 2024-03 (imposto),imposto,cartao_credito,323.75
2024-03-26,Saída teste #53 — 2024-03 (marketing),marketing,dinheiro,948.10
2024-03-02,Saída teste #54 — 2024-03 (fornecedor),fornecedor,cartao_credito,582.45
2024-04-10,Saída teste #55 — 2024-04 (infraestrutura),infraestrutura,dinheiro,419.00
2024-04-17,Saída teste #56 — 2024-04 (outro),outro,cartao_credito,59.10
2024-04-24,Saída teste #57 — 2024-04 (folha),folha,dinheiro,3511.45
2024-04-01,Saída teste #58 — 2024-04 (infraestrutura),infraestrutura,cartao_credito,500.80
2024-04-08,Saída teste #59 — 2024-04 (outro),outro,dinheiro,123.15
2024-04-15,Saída teste #60 — 2024-04 (folha),folha,cartao_credito,4739.50
2024-04-22,Saída teste #61 — 2024-04 (infraestrutura),infraestrutura,dinheiro,132.60
2024-04-29,Saída teste #62 — 2024-04 (outro),outro,cartao_credito,150.95
2024-04-06,Saída teste #63 — 2024-04 (folha),folha,dinheiro,5931.30
2024-04-13,Saída teste #64 — 2024-04 (infraestrutura),infraestrutura,cartao_credito,250.65
2024-04-20,Saída teste #65 — 2024-04 (outro),outro,dinheiro,215.00
2024-04-27,Saída teste #66 — 2024-04 (folha),folha,cartao_credito,3923.10
2024-04-04,Saída teste #67 — 2024-04 (infraestrutura),infraestrutura,dinheiro,332.45
2024-04-11,Saída teste #68 — 2024-04 (outro),outro,cartao_credito,242.80
2024-04-18,Saída teste #69 — 2024-04 (folha),folha,dinheiro,5151.15
2024-04-25,Saída teste #70 — 2024-04 (infraestrutura),infraestrutura,cartao_credito,450.50
2024-04-02,Saída teste #71 — 2024-04 (outro),outro,dinheiro,270.60
2024-04-09,Saída teste #72 — 2024-04 (folha),folha,cartao_credito,6342.95
2024-05-13,Saída teste #73 — 2024-05 (marketing),marketing,dinheiro,914.50
2024-05-20,Saída teste #74 — 2024-05 (fornecedor),fornecedor,cartao_credito,1048.85
2024-05-27,Saída teste #75 — 2024-05 (imposto),imposto,dinheiro,283.20
2024-05-03,Saída teste #76 — 2024-05 (marketing),marketing,cartao_credito,1056.30
2024-05-10,Saída teste #77 — 2024-05 (fornecedor),fornecedor,dinheiro,1115.65
2024-05-17,Saída teste #78 — 2024-05 (imposto),imposto,cartao_credito,380.00
2024-05-24,Saída teste #79 — 2024-05 (marketing),marketing,dinheiro,1234.35
2024-05-31,Saída teste #80 — 2024-05 (fornecedor),fornecedor,cartao_credito,1218.70
2024-05-07,Saída teste #81 — 2024-05 (imposto),imposto,dinheiro,476.80
2024-05-14,Saída teste #82 — 2024-05 (marketing),marketing,cartao_credito,376.15
2024-05-21,Saída teste #83 — 2024-05 (fornecedor),fornecedor,dinheiro,285.50
2024-05-28,Saída teste #84 — 2024-05 (imposto),imposto,cartao_credito,609.85
2024-05-04,Saída teste #85 — 2024-05 (marketing),marketing,dinheiro,554.20
2024-05-11,Saída teste #86 — 2024-05 (fornecedor),fornecedor,cartao_credito,352.30
2024-05-18,Saída teste #87 — 2024-05 (imposto),imposto,dinheiro,286.65
2024-05-25,Saída teste #88 — 2024-05 (marketing),marketing,cartao_credito,696.00
2024-05-01,Saída teste #89 — 2024-05 (fornecedor),fornecedor,dinheiro,455.35
2024-05-08,Saída teste #90 — 2024-05 (imposto),imposto,cartao_credito,419.70
2024-06-16,Saída teste #91 — 2024-06 (outro),outro,dinheiro,45.00
2024-06-23,Saída teste #92 — 2024-06 (folha),folha,cartao_credito,4709.35
2024-06-30,Saída teste #93 — 2024-06 (infraestrutura),infraestrutura,dinheiro,198.70
2024-06-07,Saída teste #94 — 2024-06 (outro),outro,cartao_credito,109.05
2024-06-14,Saída teste #95 — 2024-06 (folha),folha,dinheiro,5937.40
2024-06-21,Saída teste #96 — 2024-06 (infraestrutura),infraestrutura,cartao_credito,280.50
2024-06-28,Saída teste #97 — 2024-06 (outro),outro,dinheiro,136.85
2024-06-05,Saída teste #98 — 2024-06 (folha),folha,cartao_credito,3929.20
2024-06-12,Saída teste #99 — 2024-06 (infraestrutura),infraestrutura,dinheiro,398.55
2024-06-19,Saída teste #100 — 2024-06 (outro),outro,cartao_credito,200.90
2024-06-26,Saída teste #101 — 2024-06 (folha),folha,dinheiro,5121.00
2024-06-03,Saída teste #102 — 2024-06 (infraestrutura),infraestrutura,cartao_credito,480.35
2024-06-10,Saída teste #103 — 2024-06 (outro),outro,dinheiro,228.70
2024-06-17,Saída teste #104 — 2024-06 (folha),folha,cartao_credito,6349.05
2024-06-24,Saída teste #105 — 2024-06 (infraestrutura),infraestrutura,dinheiro,598.40
2024-06-01,Saída teste #106 — 2024-06 (outro),outro,cartao_credito,256.50
2024-06-08,Saída teste #107 — 2024-06 (folha),folha,dinheiro,4340.85
2024-06-15,Saída teste #108 — 2024-06 (infraestrutura),infraestrutura,cartao_credito,230.20
2024-07-19,Saída teste #109 — 2024-07 (fornecedor),fornecedor,dinheiro,921.75
2024-07-26,Saída teste #110 — 2024-07 (imposto),imposto,cartao_credito,246.10
2024-07-02,Saída teste #111 — 2024-07 (marketing),marketing,dinheiro,804.20
2024-07-09,Saída teste #112 — 2024-07 (fornecedor),fornecedor,cartao_credito,988.55
2024-07-16,Saída teste #113 — 2024-07 (imposto),imposto,dinheiro,342.90
2024-07-23,Saída teste #114 — 2024-07 (marketing),marketing,cartao_credito,982.25
2024-07-30,Saída teste #115 — 2024-07 (fornecedor),fornecedor,dinheiro,1091.60
2024-07-06,Saída teste #116 — 2024-07 (imposto),imposto,cartao_credito,439.70
2024-07-13,Saída teste #117 — 2024-07 (marketing),marketing,dinheiro,1124.05
2024-07-20,Saída teste #118 — 2024-07 (fornecedor),fornecedor,cartao_credito,1158.40
2024-07-27,Saída teste #119 — 2024-07 (imposto),imposto,dinheiro,572.75
2024-07-03,Saída teste #120 — 2024-07 (marketing),marketing,cartao_credito,1302.10
2024-07-10,Saída teste #121 — 2024-07 (fornecedor),fornecedor,dinheiro,225.20
2024-07-17,Saída teste #122 — 2024-07 (imposto),imposto,cartao_credito,249.55
2024-07-24,Saída teste #123 — 2024-07 (marketing),marketing,dinheiro,443.90
2024-07-31,Saída teste #124 — 2024-07 (fornecedor),fornecedor,cartao_credito,328.25
2024-07-07,Saída teste #125 — 2024-07 (imposto),imposto,dinheiro,382.60
2024-07-14,Saída teste #126 — 2024-07 (marketing),marketing,cartao_credito,585.70
2024-08-22,Saída teste #127 — 2024-08 (folha),folha,dinheiro,5907.25
2024-08-29,Saída teste #128 — 2024-08 (infraestrutura),infraestrutura,cartao_credito,346.60
2024-08-05,Saída teste #129 — 2024-08 (outro),outro,dinheiro,94.95
2024-08-12,Saída teste #130 — 2024-08 (folha),folha,cartao_credito,3935.30
2024-08-19,Saída teste #131 — 2024-08 (infraestrutura),infraestrutura,dinheiro,428.40
2024-08-26,Saída teste #132 — 2024-08 (outro),outro,cartao_credito,122.75
2024-08-02,Saída teste #133 — 2024-08 (folha),folha,dinheiro,5127.10
2024-08-09,Saída teste #134 — 2024-08 (infraestrutura),infraestrutura,cartao_credito,546.45
2024-08-16,Saída teste #135 — 2024-08 (outro),outro,dinheiro,186.80
2024-08-23,Saída teste #136 — 2024-08 (folha),folha,cartao_credito,6318.90
2024-08-30,Saída teste #137 — 2024-08 (infraestrutura),infraestrutura,dinheiro,178.25
2024-08-06,Saída teste #138 — 2024-08 (outro),outro,cartao_credito,214.60
2024-08-13,Saída teste #139 — 2024-08 (folha),folha,dinheiro,4346.95
2024-08-20,Saída teste #140 — 2024-08 (infraestrutura),infraestrutura,cartao_credito,296.30
2024-08-27,Saída teste #141 — 2024-08 (outro),outro,dinheiro,242.40
2024-08-03,Saída teste #142 — 2024-08 (folha),folha,cartao_credito,5538.75
2024-08-10,Saída teste #143 — 2024-08 (infraestrutura),infraestrutura,dinheiro,378.10
2024-08-17,Saída teste #144 — 2024-08 (outro),outro,cartao_credito,306.45
2024-09-25,Saída teste #145 — 2024-09 (imposto),imposto,dinheiro,209.00
2024-09-02,Saída teste #146 — 2024-09 (marketing),marketing,cartao_credito,552.10
2024-09-09,Saída teste #147 — 2024-09 (fornecedor),fornecedor,dinheiro,861.45
2024-09-16,Saída teste #148 — 2024-09 (imposto),imposto,cartao_credito,305.80
2024-09-23,Saída teste #149 — 2024-09 (marketing),marketing,dinheiro,730.15
2024-09-30,Saída teste #150 — 2024-09 (fornecedor),fornecedor,cartao_credito,964.50
2024-09-07,Saída teste #151 — 2024-09 (imposto),imposto,dinheiro,402.60
2024-09-14,Saída teste #152 — 2024-09 (marketing),marketing,cartao_credito,871.95
2024-09-21,Saída teste #153 — 2024-09 (fornecedor),fornecedor,dinheiro,1031.30
2024-09-28,Saída teste #154 — 2024-09 (imposto),imposto,cartao_credito,535.65
2024-09-05,Saída teste #155 — 2024-09 (marketing),marketing,dinheiro,1050.00
2024-09-12,Saída teste #156 — 2024-09 (fornecedor),fornecedor,cartao_credito,1098.10
2024-09-19,Saída teste #157 — 2024-09 (imposto),imposto,dinheiro,212.45
2024-09-26,Saída teste #158 — 2024-09 (marketing),marketing,cartao_credito,1191.80
2024-09-03,Saída teste #159 — 2024-09 (fornecedor),fornecedor,dinheiro,1201.15
2024-09-10,Saída teste #160 — 2024-09 (imposto),imposto,cartao_credito,345.50
2024-09-17,Saída teste #161 — 2024-09 (marketing),marketing,dinheiro,333.60
2024-09-24,Saída teste #162 — 2024-09 (fornecedor),fornecedor,cartao_credito,267.95
2024-10-28,Saída teste #163 — 2024-10 (infraestrutura),infraestrutura,dinheiro,494.50
2024-10-04,Saída teste #164 — 2024-10 (outro),outro,cartao_credito,80.85
2024-10-11,Saída teste #165 — 2024-10 (folha),folha,dinheiro,5133.20
2024-10-18,Saída teste #166 — 2024-10 (infraestrutura),infraestrutura,cartao_credito,126.30
2024-10-25,Saída teste #167 — 2024-10 (outro),outro,dinheiro,108.65
2024-10-01,Saída teste #168 — 2024-10 (folha),folha,cartao_credito,6325.00
2024-10-08,Saída teste #169 — 2024-10 (infraestrutura),infraestrutura,dinheiro,244.35
2024-10-15,Saída teste #170 — 2024-10 (outro),outro,cartao_credito,172.70
2024-10-22,Saída teste #171 — 2024-10 (folha),folha,dinheiro,4316.80
2024-10-29,Saída teste #172 — 2024-10 (infraestrutura),infraestrutura,cartao_credito,326.15
2024-10-05,Saída teste #173 — 2024-10 (outro),outro,dinheiro,200.50
2024-10-12,Saída teste #174 — 2024-10 (folha),folha,cartao_credito,5544.85
2024-10-19,Saída teste #175 — 2024-10 (infraestrutura),infraestrutura,dinheiro,444.20
2024-10-26,Saída teste #176 — 2024-10 (outro),outro,cartao_credito,228.30
2024-10-02,Saída teste #177 — 2024-10 (folha),folha,dinheiro,3536.65
2024-10-09,Saída teste #178 — 2024-10 (infraestrutura),infraestrutura,cartao_credito,526.00
2024-10-16,Saída teste #179 — 2024-10 (outro),outro,dinheiro,292.35
2024-10-23,Saída teste #180 — 2024-10 (folha),folha,cartao_credito,4764.70
2024-11-01,Saída teste #181 — 2024-11 (marketing),marketing,dinheiro,300.00
2024-11-08,Saída teste #182 — 2024-11 (fornecedor),fornecedor,cartao_credito,734.35
2024-11-15,Saída teste #183 — 2024-11 (imposto),imposto,dinheiro,268.70
2024-11-22,Saída teste #184 — 2024-11 (marketing),marketing,cartao_credito,478.05
2024-11-29,Saída teste #185 — 2024-11 (fornecedor),fornecedor,dinheiro,837.40
2024-11-06,Saída teste #186 — 2024-11 (imposto),imposto,cartao_credito,365.50
2024-11-13,Saída teste #187 — 2024-11 (marketing),marketing,dinheiro,619.85
2024-11-20,Saída teste #188 — 2024-11 (fornecedor),fornecedor,cartao_credito,904.20
2024-11-27,Saída teste #189 — 2024-11 (imposto),imposto,dinheiro,498.55
2024-11-04,Saída teste #190 — 2024-11 (marketing),marketing,cartao_credito,797.90
2024-11-11,Saída teste #191 — 2024-11 (fornecedor),fornecedor,dinheiro,971.00
2024-11-18,Saída teste #192 — 2024-11 (imposto),imposto,cartao_credito,595.35
2024-11-25,Saída teste #193 — 2024-11 (marketing),marketing,dinheiro,939.70
2024-11-02,Saída teste #194 — 2024-11 (fornecedor),fornecedor,cartao_credito,1074.05
2024-11-09,Saída teste #195 — 2024-11 (imposto),imposto,dinheiro,308.40
2024-11-16,Saída teste #196 — 2024-11 (marketing),marketing,cartao_credito,1081.50
2024-11-23,Saída teste #197 — 2024-11 (fornecedor),fornecedor,dinheiro,1140.85
2024-11-30,Saída teste #198 — 2024-11 (imposto),imposto,cartao_credito,405.20
2024-12-03,Saída teste #199 — 2024-12 (outro),outro,dinheiro,66.75
2024-12-10,Saída teste #200 — 2024-12 (folha),folha,cartao_credito,6331.10
2024-12-17,Saída teste #201 — 2024-12 (infraestrutura),infraestrutura,dinheiro,274.20
2024-12-24,Saída teste #202 — 2024-12 (outro),outro,cartao_credito,94.55
2024-12-31,Saída teste #203 — 2024-12 (folha),folha,dinheiro,4322.90
2024-12-07,Saída teste #204 — 2024-12 (infraestrutura),infraestrutura,cartao_credito,392.25
2024-12-14,Saída teste #205 — 2024-12 (outro),outro,dinheiro,158.60
2024-12-21,Saída teste #206 — 2024-12 (folha),folha,cartao_credito,5514.70
2024-12-28,Saída teste #207 — 2024-12 (infraestrutura),infraestrutura,dinheiro,474.05
2024-12-04,Saída teste #208 — 2024-12 (outro),outro,cartao_credito,186.40
2024-12-11,Saída teste #209 — 2024-12 (folha),folha,dinheiro,3542.75
2024-12-18,Saída teste #210 — 2024-12 (infraestrutura),infraestrutura,cartao_credito,592.10
2024-12-25,Saída teste #211 — 2024-12 (outro),outro,dinheiro,214.20
2024-12-01,Saída teste #212 — 2024-12 (folha),folha,cartao_credito,4734.55
2024-12-08,Saída teste #213 — 2024-12 (infraestrutura),infraestrutura,dinheiro,223.90
2024-12-15,Saída teste #214 — 2024-12 (outro),outro,cartao_credito,278.25
2024-12-22,Saída teste #215 — 2024-12 (folha),folha,dinheiro,5962.60
2024-12-29,Saída teste #216 — 2024-12 (infraestrutura),infraestrutura,cartao_credito,305.70
2025-01-06,Saída teste #217 — 2025-01 (fornecedor),fornecedor,dinheiro,607.25
2025-01-13,Saída teste #218 — 2025-01 (imposto),imposto,cartao_credito,231.60
2025-01-20,Saída teste #219 — 2025-01 (marketing),marketing,dinheiro,1225.95
2025-01-27,Saída teste #220 — 2025-01 (fornecedor),fornecedor,cartao_credito,710.30
2025-01-03,Saída teste #221 — 2025-01 (imposto),imposto,dinheiro,328.40
2025-01-10,Saída teste #222 — 2025-01 (marketing),marketing,cartao_credito,367.75
2025-01-17,Saída teste #223 — 2025-01 (fornecedor),fornecedor,dinheiro,777.10
2025-01-24,Saída teste #224 — 2025-01 (imposto),imposto,cartao_credito,461.45
2025-01-31,Saída teste #225 — 2025-01 (marketing),marketing,dinheiro,545.80
2025-01-07,Saída teste #226 — 2025-01 (fornecedor),fornecedor,cartao_credito,843.90
2025-01-14,Saída teste #227 — 2025-01 (imposto),imposto,dinheiro,558.25
2025-01-21,Saída teste #228 — 2025-01 (marketing),marketing,cartao_credito,687.60
2025-01-28,Saída teste #229 — 2025-01 (fornecedor),fornecedor,dinheiro,946.95
2025-01-04,Saída teste #230 — 2025-01 (imposto),imposto,cartao_credito,271.30
2025-01-11,Saída teste #231 — 2025-01 (marketing),marketing,dinheiro,829.40
2025-01-18,Saída teste #232 — 2025-01 (fornecedor),fornecedor,cartao_credito,1013.75
2025-01-25,Saída teste #233 — 2025-01 (imposto),imposto,dinheiro,368.10
2025-01-01,Saída teste #234 — 2025-01 (marketing),marketing,cartao_credito,1007.45
2025-02-12,Saída teste #235 — 2025-02 (folha),folha,dinheiro,4329.00
2025-02-19,Saída teste #236 — 2025-02 (infraestrutura),infraestrutura,cartao_credito,422.10
2025-02-26,Saída teste #237 — 2025-02 (outro),outro,dinheiro,80.45
2025-02-05,Saída teste #238 — 2025-02 (folha),folha,cartao_credito,5520.80
2025-02-12,Saída teste #239 — 2025-02 (infraestrutura),infraestrutura,dinheiro,540.15
2025-02-19,Saída teste #240 — 2025-02 (outro),outro,cartao_credito,144.50
2025-02-26,Saída teste #241 — 2025-02 (folha),folha,dinheiro,3512.60
2025-02-05,Saída teste #242 — 2025-02 (infraestrutura),infraestrutura,cartao_credito,171.95
2025-02-12,Saída teste #243 — 2025-02 (outro),outro,dinheiro,172.30
2025-02-19,Saída teste #244 — 2025-02 (folha),folha,cartao_credito,4740.65
2025-02-26,Saída teste #245 — 2025-02 (infraestrutura),infraestrutura,dinheiro,290.00
2025-02-05,Saída teste #246 — 2025-02 (outro),outro,cartao_credito,200.10
2025-02-12,Saída teste #247 — 2025-02 (folha),folha,dinheiro,5932.45
2025-02-19,Saída teste #248 — 2025-02 (infraestrutura),infraestrutura,cartao_credito,371.80
2025-02-26,Saída teste #249 — 2025-02 (outro),outro,dinheiro,264.15
2025-02-05,Saída teste #250 — 2025-02 (folha),folha,cartao_credito,3960.50
2025-02-12,Saída teste #251 — 2025-02 (infraestrutura),infraestrutura,dinheiro,453.60
2025-02-19,Saída teste #252 — 2025-02 (outro),outro,cartao_credito,291.95
2025-03-12,Saída teste #253 — 2025-03 (imposto),imposto,dinheiro,194.50
2025-03-19,Saída teste #254 — 2025-03 (marketing),marketing,cartao_credito,973.85
2025-03-26,Saída teste #255 — 2025-03 (fornecedor),fornecedor,dinheiro,583.20
2025-03-02,Saída teste #256 — 2025-03 (imposto),imposto,cartao_credito,291.30
2025-03-09,Saída teste #257 — 2025-03 (marketing),marketing,dinheiro,1115.65
2025-03-16,Saída teste #258 — 2025-03 (fornecedor),fornecedor,cartao_credito,650.00
2025-03-23,Saída teste #259 — 2025-03 (imposto),imposto,dinheiro,424.35
2025-03-30,Saída teste #260 — 2025-03 (marketing),marketing,cartao_credito,1293.70
2025-03-06,Saída teste #261 — 2025-03 (fornecedor),fornecedor,dinheiro,716.80
2025-03-13,Saída teste #262 — 2025-03 (imposto),imposto,cartao_credito,521.15
2025-03-20,Saída teste #263 — 2025-03 (marketing),marketing,dinheiro,435.50
2025-03-27,Saída teste #264 — 2025-03 (fornecedor),fornecedor,cartao_credito,819.85
2025-03-03,Saída teste #265 — 2025-03 (imposto),imposto,dinheiro,234.20
2025-03-10,Saída teste #266 — 2025-03 (marketing),marketing,cartao_credito,577.30
2025-03-17,Saída teste #267 — 2025-03 (fornecedor),fornecedor,dinheiro,886.65
2025-03-24,Saída teste #268 — 2025-03 (imposto),imposto,cartao_credito,331.00
2025-03-31,Saída teste #269 — 2025-03 (marketing),marketing,dinheiro,755.35
2025-03-07,Saída teste #270 — 2025-03 (fornecedor),fornecedor,cartao_credito,989.70
2025-04-16,Saída teste #271 — 2025-04 (infraestrutura),infraestrutura,dinheiro,120.00
2025-04-23,Saída teste #272 — 2025-04 (outro),outro,cartao_credito,66.35
2025-04-30,Saída teste #273 — 2025-04 (folha),folha,dinheiro,3518.70
2025-04-07,Saída teste #274 — 2025-04 (infraestrutura),infraestrutura,cartao_credito,238.05
2025-04-14,Saída teste #275 — 2025-04 (outro),outro,dinheiro,130.40
2025-04-21,Saída teste #276 — 2025-04 (folha),folha,cartao_credito,4710.50
2025-04-28,Saída teste #277 — 2025-04 (infraestrutura),infraestrutura,dinheiro,319.85
2025-04-05,Saída teste #278 — 2025-04 (outro),outro,cartao_credito,158.20
2025-04-12,Saída teste #279 — 2025-04 (folha),folha,dinheiro,5938.55
2025-04-19,Saída teste #280 — 2025-04 (infraestrutura),infraestrutura,cartao_credito,437.90
2025-04-26,Saída teste #281 — 2025-04 (outro),outro,dinheiro,186.00
2025-04-03,Saída teste #282 — 2025-04 (folha),folha,cartao_credito,3930.35
2025-04-10,Saída teste #283 — 2025-04 (infraestrutura),infraestrutura,dinheiro,519.70
2025-04-17,Saída teste #284 — 2025-04 (outro),outro,cartao_credito,250.05
2025-04-24,Saída teste #285 — 2025-04 (folha),folha,dinheiro,5158.40
2025-04-01,Saída teste #286 — 2025-04 (infraestrutura),infraestrutura,cartao_credito,151.50
2025-04-08,Saída teste #287 — 2025-04 (outro),outro,dinheiro,277.85
2025-04-15,Saída teste #288 — 2025-04 (folha),folha,cartao_credito,6350.20
2025-05-18,Saída teste #289 — 2025-05 (marketing),marketing,dinheiro,721.75
2025-05-25,Saída teste #290 — 2025-05 (fornecedor),fornecedor,cartao_credito,456.10
2025-05-01,Saída teste #291 — 2025-05 (imposto),imposto,dinheiro,254.20
2025-05-08,Saída teste #292 — 2025-05 (marketing),marketing,cartao_credito,863.55
2025-05-15,Saída teste #293 — 2025-05 (fornecedor),fornecedor,dinheiro,522.90
2025-05-22,Saída teste #294 — 2025-05 (imposto),imposto,cartao_credito,387.25
2025-05-29,Saída teste #295 — 2025-05 (marketing),marketing,dinheiro,1041.60
2025-05-05,Saída teste #296 — 2025-05 (fornecedor),fornecedor,cartao_credito,589.70
2025-05-12,Saída teste #297 — 2025-05 (imposto),imposto,dinheiro,484.05
2025-05-19,Saída teste #298 — 2025-05 (marketing),marketing,cartao_credito,1183.40
2025-05-26,Saída teste #299 — 2025-05 (fornecedor),fornecedor,dinheiro,692.75
2025-05-02,Saída teste #300 — 2025-05 (imposto),imposto,cartao_credito,617.10
2025-05-09,Saída teste #301 — 2025-05 (marketing),marketing,dinheiro,325.20
2025-05-16,Saída teste #302 — 2025-05 (fornecedor),fornecedor,cartao_credito,759.55
2025-05-23,Saída teste #303 — 2025-05 (imposto),imposto,dinheiro,293.90
2025-05-30,Saída teste #304 — 2025-05 (marketing),marketing,cartao_credito,503.25
2025-05-06,Saída teste #305 — 2025-05 (fornecedor),fornecedor,dinheiro,862.60
2025-05-13,Saída teste #306 — 2025-05 (imposto),imposto,cartao_credito,390.70
2025-06-22,Saída teste #307 — 2025-06 (outro),outro,dinheiro,52.25
2025-06-29,Saída teste #308 — 2025-06 (folha),folha,cartao_credito,4716.60
2025-06-06,Saída teste #309 — 2025-06 (infraestrutura),infraestrutura,dinheiro,385.95
2025-06-13,Saída teste #310 — 2025-06 (outro),outro,cartao_credito,116.30
2025-06-20,Saída teste #311 — 2025-06 (folha),folha,dinheiro,5908.40
2025-06-27,Saída teste #312 — 2025-06 (infraestrutura),infraestrutura,cartao_credito,467.75
2025-06-04,Saída teste #313 — 2025-06 (outro),outro,dinheiro,144.10
2025-06-11,Saída teste #314 — 2025-06 (folha),folha,cartao_credito,3936.45
2025-06-18,Saída teste #315 — 2025-06 (infraestrutura),infraestrutura,dinheiro,585.80
2025-06-25,Saída teste #316 — 2025-06 (outro),outro,cartao_credito,171.90
2025-06-02,Saída teste #317 — 2025-06 (folha),folha,dinheiro,5128.25
2025-06-09,Saída teste #318 — 2025-06 (infraestrutura),infraestrutura,cartao_credito,217.60
2025-06-16,Saída teste #319 — 2025-06 (outro),outro,dinheiro,235.95
2025-06-23,Saída teste #320 — 2025-06 (folha),folha,cartao_credito,6356.30
2025-06-30,Saída teste #321 — 2025-06 (infraestrutura),infraestrutura,dinheiro,299.40
2025-06-07,Saída teste #322 — 2025-06 (outro),outro,cartao_credito,263.75
2025-06-14,Saída teste #323 — 2025-06 (folha),folha,dinheiro,4348.10
2025-06-21,Saída teste #324 — 2025-06 (infraestrutura),infraestrutura,cartao_credito,417.45
2025-07-24,Saída teste #325 — 2025-07 (fornecedor),fornecedor,dinheiro,329.00
2025-07-31,Saída teste #326 — 2025-07 (imposto),imposto,cartao_credito,217.10
2025-07-07,Saída teste #327 — 2025-07 (marketing),marketing,dinheiro,611.45
2025-07-14,Saída teste #328 — 2025-07 (fornecedor),fornecedor,cartao_credito,395.80
2025-07-21,Saída teste #329 — 2025-07 (imposto),imposto,dinheiro,350.15
2025-07-28,Saída teste #330 — 2025-07 (marketing),marketing,cartao_credito,789.50
2025-07-04,Saída teste #331 — 2025-07 (fornecedor),fornecedor,dinheiro,462.60
2025-07-11,Saída teste #332 — 2025-07 (imposto),imposto,cartao_credito,446.95
2025-07-18,Saída teste #333 — 2025-07 (marketing),marketing,dinheiro,931.30
2025-07-25,Saída teste #334 — 2025-07 (fornecedor),fornecedor,cartao_credito,565.65
2025-07-01,Saída teste #335 — 2025-07 (imposto),imposto,dinheiro,580.00
2025-07-08,Saída teste #336 — 2025-07 (marketing),marketing,cartao_credito,1073.10
2025-07-15,Saída teste #337 — 2025-07 (fornecedor),fornecedor,dinheiro,632.45
2025-07-22,Saída teste #338 — 2025-07 (imposto),imposto,cartao_credito,256.80
2025-07-29,Saída teste #339 — 2025-07 (marketing),marketing,dinheiro,1251.15
2025-07-05,Saída teste #340 — 2025-07 (fornecedor),fornecedor,cartao_credito,735.50
2025-07-12,Saída teste #341 — 2025-07 (imposto),imposto,dinheiro,353.60
2025-07-19,Saída teste #342 — 2025-07 (marketing),marketing,cartao_credito,392.95
2025-08-27,Saída teste #343 — 2025-08 (folha),folha,dinheiro,5914.50
2025-08-03,Saída teste #344 — 2025-08 (infraestrutura),infraestrutura,cartao_credito,533.85
2025-08-10,Saída teste #345 — 2025-08 (outro),outro,dinheiro,102.20
2025-08-17,Saída teste #346 — 2025-08 (folha),folha,cartao_credito,3906.30
2025-08-24,Saída teste #347 — 2025-08 (infraestrutura),infraestrutura,dinheiro,165.65
2025-08-31,Saída teste #348 — 2025-08 (outro),outro,cartao_credito,130.00
2025-08-07,Saída teste #349 — 2025-08 (folha),folha,dinheiro,5134.35
2025-08-14,Saída teste #350 — 2025-08 (infraestrutura),infraestrutura,cartao_credito,283.70
2025-08-21,Saída teste #351 — 2025-08 (outro),outro,dinheiro,157.80
2025-08-28,Saída teste #352 — 2025-08 (folha),folha,cartao_credito,6326.15
2025-08-04,Saída teste #353 — 2025-08 (infraestrutura),infraestrutura,dinheiro,365.50
2025-08-11,Saída teste #354 — 2025-08 (outro),outro,cartao_credito,221.85
2025-08-18,Saída teste #355 — 2025-08 (folha),folha,dinheiro,4354.20
2025-08-25,Saída teste #356 — 2025-08 (infraestrutura),infraestrutura,cartao_credito,447.30
2025-08-01,Saída teste #357 — 2025-08 (outro),outro,dinheiro,249.65
2025-08-08,Saída teste #358 — 2025-08 (folha),folha,cartao_credito,5546.00
2025-08-15,Saída teste #359 — 2025-08 (infraestrutura),infraestrutura,dinheiro,565.35
2025-08-22,Saída teste #360 — 2025-08 (outro),outro,cartao_credito,313.70
2025-09-01,Saída teste #361 — 2025-09 (imposto),imposto,dinheiro,180.00
2025-09-08,Saída teste #362 — 2025-09 (marketing),marketing,cartao_credito,359.35
2025-09-15,Saída teste #363 — 2025-09 (fornecedor),fornecedor,dinheiro,268.70
2025-09-22,Saída teste #364 — 2025-09 (imposto),imposto,cartao_credito,313.05
2025-09-29,Saída teste #365 — 2025-09 (marketing),marketing,dinheiro,537.40
2025-09-06,Saída teste #366 — 2025-09 (fornecedor),fornecedor,cartao_credito,335.50
2025-09-13,Saída teste #367 — 2025-09 (imposto),imposto,dinheiro,409.85
2025-09-20,Saída teste #368 — 2025-09 (marketing),marketing,cartao_credito,679.20
2025-09-27,Saída teste #369 — 2025-09 (fornecedor),fornecedor,dinheiro,438.55
2025-09-04,Saída teste #370 — 2025-09 (imposto),imposto,cartao_credito,542.90
2025-09-11,Saída teste #371 — 2025-09 (marketing),marketing,dinheiro,821.00
2025-09-18,Saída teste #372 — 2025-09 (fornecedor),fornecedor,cartao_credito,505.35
2025-09-25,Saída teste #373 — 2025-09 (imposto),imposto,dinheiro,219.70
2025-09-02,Saída teste #374 — 2025-09 (marketing),marketing,cartao_credito,999.05
2025-09-09,Saída teste #375 — 2025-09 (fornecedor),fornecedor,dinheiro,608.40
2025-09-16,Saída teste #376 — 2025-09 (imposto),imposto,cartao_credito,316.50
2025-09-23,Saída teste #377 — 2025-09 (marketing),marketing,dinheiro,1140.85
2025-09-30,Saída teste #378 — 2025-09 (fornecedor),fornecedor,cartao_credito,675.20
2025-10-02,Saída teste #379 — 2025-10 (infraestrutura),infraestrutura,dinheiro,231.75
2025-10-09,Saída teste #380 — 2025-10 (outro),outro,cartao_credito,88.10
2025-10-16,Saída teste #381 — 2025-10 (folha),folha,dinheiro,5104.20
2025-10-23,Saída teste #382 — 2025-10 (infraestrutura),infraestrutura,cartao_credito,313.55
2025-10-30,Saída teste #383 — 2025-10 (outro),outro,dinheiro,115.90
2025-10-06,Saída teste #384 — 2025-10 (folha),folha,cartao_credito,6332.25
2025-10-13,Saída teste #385 — 2025-10 (infraestrutura),infraestrutura,dinheiro,431.60
2025-10-20,Saída teste #386 — 2025-10 (outro),outro,cartao_credito,143.70
2025-10-27,Saída teste #387 — 2025-10 (folha),folha,dinheiro,4324.05
2025-10-03,Saída teste #388 — 2025-10 (infraestrutura),infraestrutura,cartao_credito,513.40
2025-10-10,Saída teste #389 — 2025-10 (outro),outro,dinheiro,207.75
2025-10-17,Saída teste #390 — 2025-10 (folha),folha,cartao_credito,5552.10
2025-10-24,Saída teste #391 — 2025-10 (infraestrutura),infraestrutura,dinheiro,145.20
2025-10-31,Saída teste #392 — 2025-10 (outro),outro,cartao_credito,235.55
2025-10-07,Saída teste #393 — 2025-10 (folha),folha,dinheiro,3543.90
2025-10-14,Saída teste #394 — 2025-10 (infraestrutura),infraestrutura,cartao_credito,263.25
2025-10-21,Saída teste #395 — 2025-10 (outro),outro,dinheiro,299.60
2025-10-28,Saída teste #396 — 2025-10 (folha),folha,cartao_credito,4735.70
2025-11-07,Saída teste #397 — 2025-11 (marketing),marketing,dinheiro,1107.25
2025-11-14,Saída teste #398 — 2025-11 (fornecedor),fornecedor,cartao_credito,1141.60
2025-11-21,Saída teste #399 — 2025-11 (imposto),imposto,dinheiro,275.95
2025-11-28,Saída teste #400 — 2025-11 (marketing),marketing,cartao_credito,1285.30
2025-11-05,Saída teste #401 — 2025-11 (fornecedor),fornecedor,dinheiro,208.40
2025-11-12,Saída teste #402 — 2025-11 (imposto),imposto,cartao_credito,372.75
2025-11-19,Saída teste #403 — 2025-11 (marketing),marketing,dinheiro,427.10
2025-11-26,Saída teste #404 — 2025-11 (fornecedor),fornecedor,cartao_credito,311.45
2025-11-03,Saída teste #405 — 2025-11 (imposto),imposto,dinheiro,505.80
2025-11-10,Saída teste #406 — 2025-11 (marketing),marketing,cartao_credito,568.90
2025-11-17,Saída teste #407 — 2025-11 (fornecedor),fornecedor,dinheiro,378.25
2025-11-24,Saída teste #408 — 2025-11 (imposto),imposto,cartao_credito,602.60
2025-11-01,Saída teste #409 — 2025-11 (marketing),marketing,dinheiro,746.95
2025-11-08,Saída teste #410 — 2025-11 (fornecedor),fornecedor,cartao_credito,481.30
2025-11-15,Saída teste #411 — 2025-11 (imposto),imposto,dinheiro,279.40
2025-11-22,Saída teste #412 — 2025-11 (marketing),marketing,cartao_credito,888.75
2025-11-29,Saída teste #413 — 2025-11 (fornecedor),fornecedor,dinheiro,548.10
2025-11-06,Saída teste #414 — 2025-11 (imposto),imposto,cartao_credito,412.45
2025-12-08,Saída teste #415 — 2025-12 (outro),outro,dinheiro,74.00
2025-12-15,Saída teste #416 — 2025-12 (folha),folha,cartao_credito,6302.10
2025-12-22,Saída teste #417 — 2025-12 (infraestrutura),infraestrutura,dinheiro,461.45
2025-12-29,Saída teste #418 — 2025-12 (outro),outro,cartao_credito,101.80
2025-12-05,Saída teste #419 — 2025-12 (folha),folha,dinheiro,4330.15
2025-12-12,Saída teste #420 — 2025-12 (infraestrutura),infraestrutura,cartao_credito,579.50
2025-12-19,Saída teste #421 — 2025-12 (outro),outro,dinheiro,129.60
2025-12-26,Saída teste #422 — 2025-12 (folha),folha,cartao_credito,5521.95
2025-12-02,Saída teste #423 — 2025-12 (infraestrutura),infraestrutura,dinheiro,211.30
2025-12-09,Saída teste #424 — 2025-12 (outro),outro,cartao_credito,193.65
2025-12-16,Saída teste #425 — 2025-12 (folha),folha,dinheiro,3550.00
2025-12-23,Saída teste #426 — 2025-12 (infraestrutura),infraestrutura,cartao_credito,293.10
2025-12-30,Saída teste #427 — 2025-12 (outro),outro,dinheiro,221.45
2025-12-06,Saída teste #428 — 2025-12 (folha),folha,cartao_credito,4741.80
2025-12-13,Saída teste #429 — 2025-12 (infraestrutura),infraestrutura,dinheiro,411.15
2025-12-20,Saída teste #430 — 2025-12 (outro),outro,cartao_credito,285.50
2025-12-27,Saída teste #431 — 2025-12 (folha),folha,dinheiro,5933.60
2025-12-03,Saída teste #432 — 2025-12 (infraestrutura),infraestrutura,cartao_credito,492.95
2026-01-03,Extra saída 2026 — 433,fornecedor,pix,1688.80
2026-01-08,Extra saída 2026 — 434,imposto,cartao_debito,1698.40
2026-01-13,Extra saída 2026 — 435,marketing,cartao_credito,1708.00
2026-01-18,Extra saída 2026 — 436,fornecedor,boleto,1717.60
2026-01-23,Extra saída 2026 — 437,imposto,transferencia,1727.20
2026-01-28,Extra saída 2026 — 438,marketing,dinheiro,1736.80
2026-01-02,Extra saída 2026 — 439,fornecedor,pix,1746.40
2026-01-07,Extra saída 2026 — 440,imposto,cartao_debito,1756.00
2026-01-12,Extra saída 2026 — 441,marketing,cartao_credito,1765.60
2026-01-17,Extra saída 2026 — 442,fornecedor,boleto,1775.20
2026-01-22,Extra saída 2026 — 443,imposto,transferencia,1784.80
2026-01-27,Extra saída 2026 — 444,marketing,dinheiro,1794.40
2026-01-01,Extra saída 2026 — 445,fornecedor,pix,1804.00
2026-01-06,Extra saída 2026 — 446,imposto,cartao_debito,1813.60
2026-01-11,Extra saída 2026 — 447,marketing,cartao_credito,1823.20
2026-01-16,Extra saída 2026 — 448,fornecedor,boleto,1832.80
2026-01-21,Extra saída 2026 — 449,imposto,transferencia,1842.40
2026-01-26,Extra saída 2026 — 450,marketing,dinheiro,1852.00
2026-01-31,Extra saída 2026 — 451,fornecedor,pix,1861.60
2026-01-05,Extra saída 2026 — 452,imposto,cartao_debito,1871.20
2026-01-10,Extra saída 2026 — 453,marketing,cartao_credito,1880.80
2026-01-15,Extra saída 2026 — 454,fornecedor,boleto,1890.40
2026-02-05,Extra saída 2026 — 455,marketing,dinheiro,1763.60
2026-02-10,Extra saída 2026 — 456,fornecedor,pix,1773.20
2026-02-15,Extra saída 2026 — 457,imposto,cartao_debito,1782.80
2026-02-20,Extra saída 2026 — 458,marketing,cartao_credito,1792.40
2026-02-25,Extra saída 2026 — 459,fornecedor,boleto,1802.00
2026-02-02,Extra saída 2026 — 460,imposto,transferencia,1811.60
2026-02-07,Extra saída 2026 — 461,marketing,dinheiro,1821.20
2026-02-12,Extra saída 2026 — 462,fornecedor,pix,1830.80
2026-02-17,Extra saída 2026 — 463,imposto,cartao_debito,1840.40
2026-02-22,Extra saída 2026 — 464,marketing,cartao_credito,1850.00
2026-02-27,Extra saída 2026 — 465,fornecedor,boleto,1859.60
2026-02-04,Extra saída 2026 — 466,imposto,transferencia,1869.20
2026-02-09,Extra saída 2026 — 467,marketing,dinheiro,1878.80
2026-02-14,Extra saída 2026 — 468,fornecedor,pix,1888.40
2026-02-19,Extra saída 2026 — 469,imposto,cartao_debito,1898.00
2026-02-24,Extra saída 2026 — 470,marketing,cartao_credito,1907.60
2026-02-01,Extra saída 2026 — 471,fornecedor,boleto,1917.20
2026-02-06,Extra saída 2026 — 472,imposto,transferencia,1926.80
2026-02-11,Extra saída 2026 — 473,marketing,dinheiro,1936.40
2026-02-16,Extra saída 2026 — 474,fornecedor,pix,1946.00
2026-02-21,Extra saída 2026 — 475,imposto,cartao_debito,1955.60
2026-02-26,Extra saída 2026 — 476,marketing,cartao_credito,1965.20
2026-03-07,Extra saída 2026 — 477,imposto,transferencia,1838.40
2026-03-12,Extra saída 2026 — 478,marketing,dinheiro,1848.00
2026-03-17,Extra saída 2026 — 479,fornecedor,pix,1857.60
2026-03-22,Extra saída 2026 — 480,imposto,cartao_debito,1867.20
2026-03-27,Extra saída 2026 — 481,marketing,cartao_credito,1876.80
2026-03-01,Extra saída 2026 — 482,fornecedor,boleto,1886.40
2026-03-06,Extra saída 2026 — 483,imposto,transferencia,1896.00
2026-03-11,Extra saída 2026 — 484,marketing,dinheiro,1905.60
2026-03-16,Extra saída 2026 — 485,fornecedor,pix,1915.20
2026-03-21,Extra saída 2026 — 486,imposto,cartao_debito,1924.80
2026-03-26,Extra saída 2026 — 487,marketing,cartao_credito,1934.40
2026-03-31,Extra saída 2026 — 488,fornecedor,boleto,1944.00
2026-03-05,Extra saída 2026 — 489,imposto,transferencia,1953.60
2026-03-10,Extra saída 2026 — 490,marketing,dinheiro,1963.20
2026-03-15,Extra saída 2026 — 491,fornecedor,pix,1972.80
2026-03-20,Extra saída 2026 — 492,imposto,cartao_debito,1982.40
2026-03-25,Extra saída 2026 — 493,marketing,cartao_credito,1992.00
2026-03-30,Extra saída 2026 — 494,fornecedor,boleto,2001.60
2026-03-04,Extra saída 2026 — 495,imposto,transferencia,2011.20
2026-03-09,Extra saída 2026 — 496,marketing,dinheiro,2020.80
2026-03-14,Extra saída 2026 — 497,fornecedor,pix,2030.40
2026-03-19,Extra saída 2026 — 498,imposto,cartao_debito,2040.00
2026-04-09,Extra saída 2026 — 499,fornecedor,boleto,1913.20
2026-04-14,Extra saída 2026 — 500,imposto,transferencia,1922.80
2026-04-19,Extra saída 2026 — 501,marketing,dinheiro,1932.40
2026-04-24,Extra saída 2026 — 502,fornecedor,pix,1942.00
2026-04-29,Extra saída 2026 — 503,imposto,cartao_debito,1951.60
2026-04-04,Extra saída 2026 — 504,marketing,cartao_credito,1961.20
2026-04-09,Extra saída 2026 — 505,fornecedor,boleto,1970.80
2026-04-14,Extra saída 2026 — 506,imposto,transferencia,1980.40
2026-04-19,Extra saída 2026 — 507,marketing,dinheiro,1990.00
2026-04-24,Extra saída 2026 — 508,fornecedor,pix,1999.60
2026-04-29,Extra saída 2026 — 509,imposto,cartao_debito,2009.20
2026-04-04,Extra saída 2026 — 510,marketing,cartao_credito,2018.80
2026-04-09,Extra saída 2026 — 511,fornecedor,boleto,2028.40
2026-04-14,Extra saída 2026 — 512,imposto,transferencia,2038.00
2026-04-19,Extra saída 2026 — 513,marketing,dinheiro,2047.60
2026-04-24,Extra saída 2026 — 514,fornecedor,pix,2057.20
2026-04-29,Extra saída 2026 — 515,imposto,cartao_debito,2066.80
2026-04-04,Extra saída 2026 — 516,marketing,cartao_credito,2076.40
2026-04-09,Extra saída 2026 — 517,fornecedor,boleto,2086.00
2026-04-14,Extra saída 2026 — 518,imposto,transferencia,2095.60
2026-04-19,Extra saída 2026 — 519,marketing,dinheiro,2105.20
2026-04-24,Extra saída 2026 — 520,fornecedor,pix,2114.80
2026-05-11,Extra saída 2026 — 521,marketing,cartao_credito,1988.00
2026-05-16,Extra saída 2026 — 522,fornecedor,boleto,1997.60
2026-05-21,Extra saída 2026 — 523,imposto,transferencia,2007.20
2026-05-26,Extra saída 2026 — 524,marketing,dinheiro,2016.80
2026-05-31,Extra saída 2026 — 525,fornecedor,pix,2026.40
2026-05-05,Extra saída 2026 — 526,imposto,cartao_debito,2036.00
2026-05-10,Extra saída 2026 — 527,marketing,cartao_credito,2045.60
2026-05-15,Extra saída 2026 — 528,fornecedor,boleto,2055.20
2026-05-20,Extra saída 2026 — 529,imposto,transferencia,2064.80
2026-05-25,Extra saída 2026 — 530,marketing,dinheiro,2074.40
2026-05-30,Extra saída 2026 — 531,fornecedor,pix,2084.00
2026-05-04,Extra saída 2026 — 532,imposto,cartao_debito,2093.60
2026-05-09,Extra saída 2026 — 533,marketing,cartao_credito,2103.20
2026-05-14,Extra saída 2026 — 534,fornecedor,boleto,2112.80
2026-05-19,Extra saída 2026 — 535,imposto,transferencia,2122.40
2026-05-24,Extra saída 2026 — 536,marketing,dinheiro,2132.00
2026-05-29,Extra saída 2026 — 537,fornecedor,pix,2141.60
2026-05-03,Extra saída 2026 — 538,imposto,cartao_debito,2151.20
2026-05-08,Extra saída 2026 — 539,marketing,cartao_credito,2160.80
2026-05-13,Extra saída 2026 — 540,fornecedor,boleto,2170.40
2026-05-18,Extra saída 2026 — 541,imposto,transferencia,2180.00
2026-05-23,Extra saída 2026 — 542,marketing,dinheiro,2189.60
2026-06-13,Extra saída 2026 — 543,imposto,cartao_debito,2062.80
2026-06-18,Extra saída 2026 — 544,marketing,cartao_credito,2072.40
2026-06-23,Extra saída 2026 — 545,fornecedor,boleto,2082.00
2026-06-28,Extra saída 2026 — 546,imposto,transferencia,2091.60
2026-06-03,Extra saída 2026 — 547,marketing,dinheiro,2101.20
2026-06-08,Extra saída 2026 — 548,fornecedor,pix,2110.80
2026-06-13,Extra saída 2026 — 549,imposto,cartao_debito,2120.40
2026-06-18,Extra saída 2026 — 550,marketing,cartao_credito,2130.00
2026-06-23,Extra saída 2026 — 551,fornecedor,boleto,2139.60
2026-06-28,Extra saída 2026 — 552,imposto,transferencia,2149.20
2026-06-03,Extra saída 2026 — 553,marketing,dinheiro,2158.80
2026-06-08,Extra saída 2026 — 554,fornecedor,pix,2168.40
2026-06-13,Extra saída 2026 — 555,imposto,cartao_debito,2178.00
2026-06-18,Extra saída 2026 — 556,marketing,cartao_credito,2187.60
2026-06-23,Extra saída 2026 — 557,fornecedor,boleto,2197.20
2026-06-28,Extra saída 2026 — 558,imposto,transferencia,2206.80
2026-06-03,Extra saída 2026 — 559,marketing,dinheiro,2216.40
2026-06-08,Extra saída 2026 — 560,fornecedor,pix,2226.00
2026-06-13,Extra saída 2026 — 561,imposto,cartao_debito,2235.60
2026-06-18,Extra saída 2026 — 562,marketing,cartao_credito,2245.20
2026-06-23,Extra saída 2026 — 563,fornecedor,boleto,2254.80
2026-06-28,Extra saída 2026 — 564,imposto,transferencia,2264.40